<?xml version="1.0" encoding="UTF-8"?>
<project-private xmlns="http://www.netbeans.org/ns/project-private/1">
    <editor-bookmarks xmlns="http://www.netbeans.org/ns/editor-bookmarks/2" lastBookmarkId="1">
        <file>
            <url>file:/Users/c7/Documents/MPLab/pic32-ble-nrf8001-master/hardware_gpio.c</url>
            <bookmark id="1">
                <name/>
                <line>8</line>
                <key/>
            </bookmark>
        </file>
    </editor-bookmarks>
    <open-files xmlns="http://www.netbeans.org/ns/projectui-open-files/2">
        <group>
            <file>file:/Users/c7/Documents/MPLab/pic32-ble-nrf8001-master/ble/aci_queue.c</file>
            <file>file:/Users/c7/Documents/MPLab/pic32-ble-nrf8001-master/ble/hal_aci_tl.c</file>
            <file>file:/Users/c7/Documents/MPLab/pic32-ble-nrf8001-master/hardware_gpio.c</file>
            <file>file:/Users/c7/Documents/MPLab/pic32-ble-nrf8001-master/ble/aci_queue.h</file>
            <file>file:/Users/c7/Documents/MPLab/pic32-ble-nrf8001-master/ble/hal_aci_tl.h</file>
            <file>file:/Users/c7/Documents/MPLab/pic32-ble-nrf8001-master/main.c</file>
            <file>file:/Users/c7/Documents/MPLab/pic32-ble-nrf8001-master/common.h</file>
        </group>
    </open-files>
</project-private>
